0,Quest #Id39I9k232,30,21,36,3/6,0/3/10/12/16/18
1,Quest #Ikiw1L1i91,30,24,20,3/7,2/8/9/13/15/18
2,Quest #19dk4Hu21j,30,19,46,3/8,2/7/9/12/16/17
3,Quest #W8qjzPklcz,30,15,25,3/9,1/6/11/14/16/17
4,Quest #Zazz1O82j1,30,9,38,5/7,1/5/11/12/16/18
5,Quest #Ie224J1811,30,13,13,5/11,1/3/11/14/15/18
6,Quest #J1811L0JKJ,30,25,32,4/6,0/7/9/14/16/18
7,Quest #KL21zW8qjz,30,17,3,4/8,0/5/10/12/15/18
8,Quest #nzIy2Zazz1,30,0,35,4/9,0/3/10/14/16/17
9,Quest #Ikiw1Ie224,30,21,11,6/10,1/7/11/14/15/18
10,Quest #L1i91Ubfe1,30,12,45,6/8,0/6/9/14/16/18
11,Quest #Hu21jLghi4,30,33,50,3/10,1/4/9/13/15/18
12,Quest #PklczUr384,60,28,49,3/11,1/8/9/13/15/18
13,Quest #O82j183Kiw,60,19,24,7/10,2/5/11/12/16/17
14,Quest #J1811jrt0w,60,17,12,6/10,2/4/9/14/15/18
15,Quest #L0JKJwIMG9,60,23,24,7/11,2/7/9/14/16/17
16,Quest #W8qjz852jz,60,32,14,8/11,0/3/10/14/15/18
17,Quest #Zazz1823i2,60,2,15,4/6,2/4/11/12/15/18
18,Quest #Ie224ghoE1,60,36,41,4/8,2/3/10/14/15/18
19,Quest #Ubfe1Oe124,60,27,15,4/9,2/8/11/12/16/17
20,Quest #Lghi4Ubfe1,60,24,40,6/6,0/6/11/12/16/18
21,Quest #Ur384Ubfe1,60,35,26,3/10,1/5/10/14/15/17
22,Quest #83KiwLghi4,60,22,31,3/11,0/5/9/12/16/17
23,Quest #jrt0wUr384,60,11,13,9/10,0/8/11/14/15/17
24,Quest #wIMG983Kiw,60,21,21,9/10,0/7/9/12/15/17
25,Quest #852jzjrt0w,60,11,4,9/11,2/6/10/12/15/17
26,Quest #823i2Ur384,60,24,12,10/11,2/5/10/13/16/17
27,Quest #ghoE183Kiw,60,4,17,4/6,0/5/9/14/16/17
28,Quest #Oe124jrt0w,60,9,12,4/8,1/6/11/12/15/17
29,Quest #Ubfe1wIMG9,60,19,23,4/9,2/6/11/12/15/18
30,Quest #J1811852jz,120,8,30,6/6,0/5/11/13/15/17
31,Quest #L0JKJ823i2,120,34,6,6/4,2/6/11/13/16/17
32,Quest #W8qjzghoE1,120,33,48,10/11,0/6/9/14/16/17
33,Quest #Zazz1Oe124,120,3,1,10/11,2/6/9/12/15/18
34,Quest #Ie224KL21z,120,30,19,10/11,0/4/11/13/15/18
35,Quest #Ubfe1nzIy2,120,35,25,10/11,0/5/10/14/16/17
36,Quest #Lghi4W8qjz,120,6,20,4/5,2/5/10/14/16/17
37,Quest #Ur384Zazz1,120,34,30,4/9,0/5/11/14/16/17
38,Quest #83KiwIe224,120,23,41,4/10,2/5/11/13/15/17
39,Quest #jrt0w0kaI1,120,11,18,4/11,1/5/10/13/16/17
40,Quest #wIMG9Li4b9,180,34,29,4/6,2/5/9/12/15/17
41,Quest #JKgh2Kui12,180,17,39,5/8,0/8/11/12/15/17
42,Quest #Ur384JKgh2,180,16,33,5/9,2/7/10/12/15/18
43,Quest #83KiwUr384,180,28,34,3/4,1/6/9/13/15/17
44,Quest #jrt0w83Kiw,180,9,25,3/6,1/6/10/12/16/18
45,Quest #JKgh2jrt0w,180,19,34,3/5,2/6/10/12/15/18
46,Quest #KL21zwIMG9,180,16,8,3/8,2/8/11/12/15/18
47,Quest #nzIy2852jz,180,15,47,3/7,2/7/10/13/16/17
48,Quest #Ikiw1823i2,180,22,23,3/9,1/6/10/12/15/18
49,Quest #L1i91ghoE1,180,31,3,3/10,1/5/10/13/16/17
50,Quest #Hu21j823i2,180,23,21,3/11,2/5/9/13/16/17
51,Quest #wIMG9Li4b9,180,6,23,4/6,2/5/9/12/15/17
52,Quest #JKgh2Kui12,180,15,6,5/8,0/8/11/12/15/17
53,Quest #Ur384JKgh2,180,4,40,5/9,2/7/10/12/15/18
54,Quest #83KiwUr384,180,7,35,3/4,1/6/9/13/15/17
55,Quest #jrt0w83Kiw,180,6,16,3/6,1/6/10/12/16/18
56,Quest #JKgh2jrt0w,180,29,29,3/5,2/6/10/12/15/18
57,Quest #KL21zwIMG9,180,20,40,3/8,2/8/11/12/15/18
58,Quest #nzIy2852jz,180,18,39,3/7,2/7/10/13/16/17
59,Quest #Ikiw1823i2,180,0,44,3/9,1/6/10/12/15/18
60,Quest #L1i91ghoE1,180,19,22,3/10,1/5/10/13/16/17
61,Quest #Hu21j823i2,180,7,8,3/11,2/5/9/13/16/17
62,Quest #J1811852jz,120,35,27,6/6,0/5/11/13/15/17
63,Quest #L0JKJ823i2,120,33,12,6/4,2/6/11/13/16/17
64,Quest #W8qjzghoE1,120,29,5,10/11,0/6/9/14/16/17
65,Quest #Zazz1Oe124,120,12,31,10/11,2/6/9/12/15/18
66,Quest #Ie224KL21z,120,35,13,10/11,0/4/11/13/15/18
67,Quest #Ubfe1nzIy2,120,12,7,10/11,0/5/10/14/16/17
68,Quest #Lghi4W8qjz,120,21,26,4/5,2/5/10/14/16/17
69,Quest #Ur384Zazz1,120,36,38,4/9,0/5/11/14/16/17
70,Quest #83KiwIe224,120,30,28,4/10,2/5/11/13/15/17
71,Quest #jrt0w0kaI1,120,11,16,4/11,1/5/10/13/16/17
72,Quest #J1811852jz,120,6,45,6/6,0/5/11/13/15/17
73,Quest #L0JKJ823i2,120,14,2,6/4,2/6/11/13/16/17
74,Quest #W8qjzghoE1,120,18,21,10/11,0/6/9/14/16/17
75,Quest #Zazz1Oe124,120,8,12,10/11,2/6/9/12/15/18
76,Quest #Ie224KL21z,120,34,48,10/11,0/4/11/13/15/18
77,Quest #Ubfe1nzIy2,120,22,27,10/11,0/5/10/14/16/17
78,Quest #Lghi4W8qjz,120,33,44,4/5,2/5/10/14/16/17
79,Quest #Ur384Zazz1,120,36,31,4/9,0/5/11/14/16/17
80,Quest #83KiwIe224,120,18,50,4/10,2/5/11/13/15/17
81,Quest #jrt0w0kaI1,120,10,49,4/11,1/5/10/13/16/17
82,Quest #Id39I9k232,30,21,29,3/6,0/3/10/12/16/18
83,Quest #Ikiw1L1i91,30,24,7,3/7,2/8/9/13/15/18
84,Quest #19dk4Hu21j,30,19,34,3/8,2/7/9/12/16/17
85,Quest #W8qjzPklcz,30,15,46,3/9,1/6/11/14/16/17
86,Quest #Zazz1O82j1,30,9,32,5/7,1/5/11/12/16/18
87,Quest #Ie224J1811,30,13,9,5/11,1/3/11/14/15/18
88,Quest #J1811L0JKJ,30,25,21,4/6,0/7/9/14/16/18
89,Quest #KL21zW8qjz,30,17,45,4/8,0/5/10/12/15/18
90,Quest #nzIy2Zazz1,30,0,35,4/9,0/3/10/14/16/17
91,Quest #Ikiw1Ie224,30,21,20,6/10,1/7/11/14/15/18
92,Quest #L1i91Ubfe1,30,12,21,6/8,0/6/9/14/16/18
93,Quest #Hu21jLghi4,30,33,39,3/10,1/4/9/13/15/18
94,Quest #PklczUr384,60,28,4,3/11,1/8/9/13/15/18
95,Quest #O82j183Kiw,60,19,25,7/10,2/5/11/12/16/17
96,Quest #J1811jrt0w,60,17,46,6/10,2/4/9/14/15/18
97,Quest #L0JKJwIMG9,60,23,40,7/11,2/7/9/14/16/17
98,Quest #W8qjz852jz,60,32,0,8/11,0/3/10/14/15/18
99,Quest #Zazz1823i2,60,2,6,4/6,2/4/11/12/15/18
100,Quest #Ie224ghoE1,60,36,24,4/8,2/3/10/14/15/18
101,Quest #Ubfe1Oe124,60,27,45,4/9,2/8/11/12/16/17
102,Quest #Lghi4Ubfe1,60,24,25,6/6,0/6/11/12/16/18
103,Quest #Ur384Ubfe1,60,35,9,3/10,1/5/10/14/15/17
104,Quest #83KiwLghi4,60,22,8,3/11,0/5/9/12/16/17
105,Quest #jrt0wUr384,60,11,16,9/10,0/8/11/14/15/17
106,Quest #wIMG983Kiw,60,21,30,9/10,0/7/9/12/15/17
107,Quest #852jzjrt0w,60,11,20,9/11,2/6/10/12/15/17
108,Quest #823i2Ur384,60,24,27,10/11,2/5/10/13/16/17
109,Quest #ghoE183Kiw,60,4,14,4/6,0/5/9/14/16/17
110,Quest #Oe124jrt0w,60,9,42,4/8,1/6/11/12/15/17
111,Quest #Ubfe1wIMG9,60,19,6,4/9,2/6/11/12/15/18
112,Quest #J1811852jz,120,8,17,6/6,0/5/11/13/15/17
113,Quest #L0JKJ823i2,120,34,41,6/4,2/6/11/13/16/17
114,Quest #W8qjzghoE1,120,33,20,10/11,0/6/9/14/16/17
115,Quest #Zazz1Oe124,120,3,39,10/11,2/6/9/12/15/18
116,Quest #Ie224KL21z,120,30,32,10/11,0/4/11/13/15/18
117,Quest #Ubfe1nzIy2,120,35,44,10/11,0/5/10/14/16/17
118,Quest #Lghi4W8qjz,120,6,13,4/5,2/5/10/14/16/17
119,Quest #Ur384Zazz1,120,34,46,4/9,0/5/11/14/16/17
120,Quest #83KiwIe224,120,23,43,4/10,2/5/11/13/15/17
121,Quest #jrt0w0kaI1,120,11,36,4/11,1/5/10/13/16/17
122,Quest #wIMG9Li4b9,180,34,22,4/6,2/5/9/12/15/17
123,Quest #JKgh2Kui12,180,17,13,5/8,0/8/11/12/15/17
124,Quest #Ur384JKgh2,180,16,25,5/9,2/7/10/12/15/18
125,Quest #83KiwUr384,180,28,20,3/4,1/6/9/13/15/17
126,Quest #jrt0w83Kiw,180,9,47,3/6,1/6/10/12/16/18
127,Quest #JKgh2jrt0w,180,19,17,3/5,2/6/10/12/15/18
128,Quest #KL21zwIMG9,180,16,40,3/8,2/8/11/12/15/18
129,Quest #nzIy2852jz,180,15,15,3/7,2/7/10/13/16/17
130,Quest #Ikiw1823i2,180,22,22,3/9,1/6/10/12/15/18
131,Quest #L1i91ghoE1,180,31,21,3/10,1/5/10/13/16/17
132,Quest #Hu21j823i2,180,23,42,3/11,2/5/9/13/16/17
133,Quest #wIMG9Li4b9,180,6,22,4/6,2/5/9/12/15/17
134,Quest #JKgh2Kui12,180,15,28,5/8,0/8/11/12/15/17
135,Quest #Ur384JKgh2,180,4,47,5/9,2/7/10/12/15/18
136,Quest #83KiwUr384,180,7,35,3/4,1/6/9/13/15/17
137,Quest #jrt0w83Kiw,180,6,23,3/6,1/6/10/12/16/18
138,Quest #JKgh2jrt0w,180,29,31,3/5,2/6/10/12/15/18
139,Quest #KL21zwIMG9,180,20,15,3/8,2/8/11/12/15/18
140,Quest #nzIy2852jz,180,18,31,3/7,2/7/10/13/16/17
141,Quest #Ikiw1823i2,180,0,13,3/9,1/6/10/12/15/18
142,Quest #L1i91ghoE1,180,19,36,3/10,1/5/10/13/16/17
143,Quest #Hu21j823i2,180,7,13,3/11,2/5/9/13/16/17
144,Quest #J1811852jz,120,35,23,6/6,0/5/11/13/15/17
145,Quest #L0JKJ823i2,120,33,25,6/4,2/6/11/13/16/17
146,Quest #W8qjzghoE1,120,29,49,10/11,0/6/9/14/16/17
147,Quest #Zazz1Oe124,120,12,26,10/11,2/6/9/12/15/18
148,Quest #Ie224KL21z,120,35,33,10/11,0/4/11/13/15/18
149,Quest #Ubfe1nzIy2,120,12,24,10/11,0/5/10/14/16/17
150,Quest #Lghi4W8qjz,120,21,49,4/5,2/5/10/14/16/17
151,Quest #Ur384Zazz1,120,36,0,4/9,0/5/11/14/16/17
152,Quest #83KiwIe224,120,30,42,4/10,2/5/11/13/15/17
153,Quest #jrt0w0kaI1,120,11,48,4/11,1/5/10/13/16/17
154,Quest #J1811852jz,120,6,5,6/6,0/5/11/13/15/17
155,Quest #L0JKJ823i2,120,14,37,6/4,2/6/11/13/16/17
156,Quest #W8qjzghoE1,120,18,49,10/11,0/6/9/14/16/17
157,Quest #Zazz1Oe124,120,8,2,10/11,2/6/9/12/15/18
158,Quest #Ie224KL21z,120,34,22,10/11,0/4/11/13/15/18
159,Quest #Ubfe1nzIy2,120,22,49,10/11,0/5/10/14/16/17
160,Quest #Lghi4W8qjz,120,33,27,4/5,2/5/10/14/16/17
161,Quest #Ur384Zazz1,120,36,14,4/9,0/5/11/14/16/17
162,Quest #83KiwIe224,120,18,44,4/10,2/5/11/13/15/17
163,Quest #jrt0w0kaI1,120,10,19,4/11,1/5/10/13/16/17
